,001,002,003,004,005,006,007,008,009,010,011,012,013,014,015,016,017,018,019,020,021,022,023,024,025
001,0.000000,3.450546,8.908555,8.756628,8.762129,8.554320,8.668623,9.696129,8.677739,8.363358,8.681397,9.049162,8.619771,7.215460,8.414200,8.310479,8.665380,8.547769,8.444777,7.933563,7.760685,9.881699,8.530355,10.750652,8.695545
002,3.450546,0.000000,8.161703,8.211160,8.176707,7.987092,8.130781,9.210242,8.095323,7.853860,8.011204,8.490027,8.062754,7.141066,7.816677,7.755807,8.046494,7.940240,7.846868,7.478417,7.358684,9.364250,7.923302,10.280234,8.079061
003,8.908555,8.161703,0.000000,2.464346,2.125801,1.812449,2.414794,4.979750,1.948949,1.842174,0.601128,3.095505,2.039481,2.915302,0.774022,1.120200,1.363715,1.484193,0.918748,1.272650,1.424524,5.108469,1.055828,6.670995,1.493078
004,8.756628,8.211160,2.464346,0.000000,1.193454,0.773144,0.267020,4.365765,1.321210,0.905386,2.050671,1.399571,0.527449,2.136889,2.321584,1.914907,1.431938,1.164889,2.302840,2.491553,2.665599,4.568686,1.693586,6.270189,1.299105
005,8.762129,8.176707,2.125801,1.193454,0.000000,1.067936,1.158747,4.355990,0.268342,1.168910,1.782264,1.041151,1.069733,2.355199,1.983283,1.662315,1.299863,1.148308,1.962797,2.194315,2.364329,4.557899,1.468348,5.695855,1.230149
006,8.554320,7.987092,1.812449,0.773144,1.067936,0.000000,0.693311,4.464357,1.033905,0.277391,1.332670,1.740050,0.347496,1.965852,1.618289,1.302299,0.927649,0.626628,1.662592,1.856594,2.018547,4.647489,1.061890,6.341690,0.858552
007,8.668623,8.130781,2.414794,0.267020,1.158747,0.693311,0.000000,4.583626,1.275175,0.837287,1.992497,1.450520,0.426598,2.050852,2.230613,1.795760,1.316043,1.052269,2.196308,2.375694,2.550385,4.784651,1.591483,6.422823,1.183985
008,9.696129,9.210242,4.979750,4.365765,4.355990,4.464357,4.583626,0.000000,4.334892,4.377770,4.730691,4.142277,4.507298,4.862438,5.102882,5.159547,5.033723,4.822484,5.312552,5.334268,5.365777,0.358650,4.980752,3.421611,4.997284
009,8.677739,8.095323,1.948949,1.321210,0.268342,1.033905,1.275175,4.334892,0.000000,1.100762,1.588077,1.245251,1.107738,2.304953,1.794195,1.531792,1.244478,1.099476,1.808415,2.025285,2.182416,4.528793,1.343290,5.681703,1.204334
010,8.363358,7.853860,1.842174,0.905386,1.168910,0.277391,0.837287,4.377770,1.100762,0.000000,1.330359,1.825236,0.498345,1.753611,1.603525,1.313268,1.068384,0.771235,1.682511,1.776895,1.911561,4.560598,1.124493,6.280841,1.023691
011,8.681397,8.011204,0.601128,2.050671,1.782264,1.332670,1.992497,4.730691,1.588077,1.330359,0.000000,2.728693,1.605768,2.538326,0.656461,0.948152,1.111191,1.132564,0.921576,1.224100,1.357805,4.869401,0.787199,6.514599,1.227177
012,9.049162,8.490027,3.095505,1.399571,1.041151,1.740050,1.450520,4.142277,1.245251,1.825236,2.728693,0.000000,1.594328,2.726708,2.998732,2.652889,2.228291,2.029467,2.987119,3.168518,3.326399,4.350407,2.453523,5.328396,2.120285
013,8.619771,8.062754,2.039481,0.527449,1.069733,0.347496,0.426598,4.507298,1.107738,0.498345,1.605768,1.594328,0.000000,1.909535,1.890239,1.494088,1.078991,0.790620,1.889799,2.044280,2.218411,4.692792,1.287858,6.353857,0.976861
014,7.215460,7.141066,2.915302,2.136889,2.355199,1.965852,2.050852,4.862438,2.304953,1.753611,2.538326,2.726708,1.909535,0.000000,2.586790,2.208087,2.358913,2.159231,2.606405,2.137681,2.140001,5.049707,2.337068,6.561353,2.343236
015,8.414200,7.816677,0.774022,2.321584,1.983283,1.618289,2.230613,5.102882,1.794195,1.603525,0.656461,2.998732,1.890239,2.586790,0.000000,0.658831,1.099647,1.230335,0.396816,0.818001,0.943210,5.267565,0.700829,6.808047,1.250183
016,8.310479,7.755807,1.120200,1.914907,1.662315,1.302299,1.795760,5.159547,1.531792,1.313268,0.948152,2.652889,1.494088,2.208087,0.658831,0.000000,0.654450,0.802978,0.467444,0.741228,0.971033,5.345578,0.384466,6.831589,0.790841
017,8.665380,8.046494,1.363715,1.431938,1.299863,0.927649,1.316043,5.033723,1.244478,1.068384,1.111191,2.228291,1.078991,2.358913,1.099647,0.654450,0.000000,0.324426,0.952826,1.387976,1.613421,5.226027,0.406932,6.749460,0.157969
018,8.547769,7.940240,1.484193,1.164889,1.148308,0.626628,1.052269,4.822484,1.099476,0.771235,1.132564,2.029467,0.790620,2.159231,1.230335,0.802978,0.324426,0.000000,1.159026,1.483222,1.688903,5.014960,0.554137,6.594690,0.277463
019,8.444777,7.846868,0.918748,2.302840,1.962797,1.662592,2.196308,5.312552,1.808415,1.682511,0.921576,2.987119,1.889799,2.606405,0.396816,0.467444,0.952826,1.159026,0.000000,0.761408,0.955323,5.490074,0.621090,6.957510,1.106892
020,7.933563,7.478417,1.272650,2.491553,2.194315,1.856594,2.375694,5.334268,2.025285,1.776895,1.224100,3.168518,2.044280,2.137681,0.818001,0.741228,1.387976,1.483222,0.761408,0.000000,0.268787,5.507802,1.077875,6.943099,1.516234
021,7.760685,7.358684,1.424524,2.665599,2.364329,2.018547,2.550385,5.365777,2.182416,1.911561,1.357805,3.326399,2.218411,2.140001,0.943210,0.971033,1.613421,1.688903,0.955323,0.268787,0.000000,5.537103,1.288569,6.973144,1.740601
022,9.881699,9.364250,5.108469,4.568686,4.557899,4.647489,4.784651,0.358650,4.528793,4.560598,4.869401,4.350407,4.692792,5.049707,5.267565,5.345578,5.226027,5.014960,5.490074,5.507802,5.537103,0.000000,5.163548,3.415879,5.193353
023,8.530355,7.923302,1.055828,1.693586,1.468348,1.061890,1.591483,4.980752,1.343290,1.124493,0.787199,2.453523,1.287858,2.337068,0.700829,0.384466,0.406932,0.554137,0.621090,1.077875,1.288569,5.163548,0.000000,6.711433,0.552510
024,10.750652,10.280234,6.670995,6.270189,5.695855,6.341690,6.422823,3.421611,5.681703,6.280841,6.514599,5.328396,6.353857,6.561353,6.808047,6.831589,6.749460,6.594690,6.957510,6.943099,6.973144,3.415879,6.711433,0.000000,6.722976
025,8.695545,8.079061,1.493078,1.299105,1.230149,0.858552,1.183985,4.997284,1.204334,1.023691,1.227177,2.120285,0.976861,2.343236,1.250183,0.790841,0.157969,0.277463,1.106892,1.516234,1.740601,5.193353,0.552510,6.722976,0.000000
