file,canale,media_centro2s,std_centro2s,n_centro2s,media_intero,std_intero,n_intero,centro_s
CCB_petalonio_oriz_CLUSTER1,1,1313.73,105.16,47,1251.29,260.66,147,3.24
CCB_petalonio_oriz_CLUSTER1,2,1556.22,171.67,47,1476.38,329.03,147,3.24
CCB_petalonio_oriz_CLUSTER1,3,1604.45,188.18,47,1550.92,260.89,144,3.24
CCB_petalonio_oriz_CLUSTER1,4,1429.93,125.14,47,1358.65,291.06,149,3.24
CCB_petalonio_oriz_CLUSTER1,5,1290.03,144.37,47,1216.03,392.16,153,3.24
CCB_petalonio_oriz_CLUSTER1,6,1236.15,139.73,47,1158.22,392.46,153,3.24
CCB_petalonio_oriz_CLUSTER1,7,1242.16,125.8,47,1180.64,350.16,151,3.24
CCB_petalonio_oriz_CLUSTER1,8,1398.12,111.25,47,1301.19,289.84,150,3.24
CCB_petalonio_oriz_CLUSTER2,1,1206.3,185.32,46,1160.06,310.83,156,3.35
CCB_petalonio_oriz_CLUSTER2,2,1388.05,249.65,46,1346.8,316.61,153,3.35
CCB_petalonio_oriz_CLUSTER2,3,1381.99,166.09,46,1395.98,157.23,147,3.35
CCB_petalonio_oriz_CLUSTER2,4,1315.15,215.37,46,1282.25,332.44,155,3.35
CCB_petalonio_oriz_CLUSTER2,5,1182.72,232.65,46,1160.64,352.88,155,3.35
CCB_petalonio_oriz_CLUSTER2,6,1128.0,237.32,46,1102.05,347.25,155,3.35
CCB_petalonio_oriz_CLUSTER2,7,1133.46,216.26,46,1105.9,328.43,155,3.35
CCB_petalonio_oriz_CLUSTER2,8,1290.61,184.08,46,1254.24,313.91,155,3.35
CCB_petalonio_oriz_CLUSTER3,1,1318.76,310.72,47,1229.37,320.39,165,3.71
CCB_petalonio_oriz_CLUSTER3,2,1451.66,285.85,47,1409.88,347.55,165,3.71
CCB_petalonio_oriz_CLUSTER3,3,1483.68,271.52,47,1442.7,216.09,161,3.71
CCB_petalonio_oriz_CLUSTER3,4,1443.58,312.93,47,1388.6,340.84,165,3.71
CCB_petalonio_oriz_CLUSTER3,5,1325.2,329.39,47,1251.28,353.15,165,3.71
CCB_petalonio_oriz_CLUSTER3,6,1262.99,330.87,47,1185.03,343.77,165,3.71
CCB_petalonio_oriz_CLUSTER3,7,1286.94,333.07,47,1205.45,341.57,165,3.71
CCB_petalonio_oriz_CLUSTER3,8,1325.77,209.22,47,1261.68,265.5,165,3.71
CCB_petalonio_oriz_DO,1,934.17,753.72,83,934.17,753.72,83,1.79
CCB_petalonio_oriz_DO,2,1016.87,670.55,83,1016.87,670.55,83,1.79
CCB_petalonio_oriz_DO,3,1505.69,391.72,74,1505.69,391.72,74,1.79
CCB_petalonio_oriz_DO,4,965.92,507.91,83,965.92,507.91,83,1.79
CCB_petalonio_oriz_DO,5,723.13,360.67,81,723.13,360.67,81,1.79
CCB_petalonio_oriz_DO,6,632.69,323.59,81,632.69,323.59,81,1.79
CCB_petalonio_oriz_DO,7,673.86,349.03,81,673.86,349.03,81,1.79
CCB_petalonio_oriz_DO,8,858.39,437.56,82,858.39,437.56,82,1.79
CCB_petalonio_vert_CLUSTER1,1,1179.32,110.5,46,1121.46,285.63,168,4.03
CCB_petalonio_vert_CLUSTER1,2,1442.17,131.34,46,1348.02,335.79,168,4.03
CCB_petalonio_vert_CLUSTER1,3,1331.88,149.09,46,1378.43,139.63,159,4.03
CCB_petalonio_vert_CLUSTER1,4,1313.64,109.26,46,1241.5,298.68,168,4.03
CCB_petalonio_vert_CLUSTER1,5,1100.88,90.55,46,1039.14,257.05,168,4.03
CCB_petalonio_vert_CLUSTER1,6,1054.08,77.19,46,992.74,247.37,168,4.03
CCB_petalonio_vert_CLUSTER1,7,1112.25,79.07,46,1047.18,255.87,168,4.03
CCB_petalonio_vert_CLUSTER1,8,1223.39,87.2,46,1178.09,261.47,168,4.03
CCB_petalonio_vert_CLUSTER2,1,1299.92,180.25,47,1372.83,248.54,176,4.22
CCB_petalonio_vert_CLUSTER2,2,1406.21,168.51,47,1445.41,209.1,176,4.22
CCB_petalonio_vert_CLUSTER2,3,1396.24,149.51,47,1524.12,228.4,173,4.22
CCB_petalonio_vert_CLUSTER2,4,1371.67,154.38,47,1423.66,203.11,175,4.22
CCB_petalonio_vert_CLUSTER2,5,1207.48,158.34,47,1238.82,219.66,177,4.22
CCB_petalonio_vert_CLUSTER2,6,1223.46,180.62,47,1248.66,266.8,180,4.22
CCB_petalonio_vert_CLUSTER2,7,1229.04,180.5,47,1245.53,292.93,183,4.22
CCB_petalonio_vert_CLUSTER2,8,1271.88,110.04,47,1321.26,172.23,175,4.22
CCB_petalonio_vert_CLUSTER3,1,1457.77,515.3,29,1457.77,515.3,29,1.3
CCB_petalonio_vert_CLUSTER3,2,1631.03,447.3,28,1631.03,447.3,28,1.3
CCB_petalonio_vert_CLUSTER3,3,1812.94,428.4,27,1812.94,428.4,27,1.3
CCB_petalonio_vert_CLUSTER3,4,1575.27,469.64,29,1575.27,469.64,29,1.3
CCB_petalonio_vert_CLUSTER3,5,1322.81,665.42,33,1322.81,665.42,33,1.3
CCB_petalonio_vert_CLUSTER3,6,1258.62,642.87,33,1258.62,642.87,33,1.3
CCB_petalonio_vert_CLUSTER3,7,1332.75,556.2,31,1332.75,556.2,31,1.3
CCB_petalonio_vert_CLUSTER3,8,1486.7,418.82,29,1486.7,418.82,29,1.3
CCB_petalonio_vert_DO,1,903.34,418.05,73,903.34,418.05,73,1.56
CCB_petalonio_vert_DO,2,1141.66,440.19,73,1141.66,440.19,73,1.56
CCB_petalonio_vert_DO,3,1443.55,247.7,71,1443.55,247.7,71,1.56
CCB_petalonio_vert_DO,4,1073.34,350.59,73,1073.34,350.59,73,1.56
CCB_petalonio_vert_DO,5,789.08,294.23,73,789.08,294.23,73,1.56
CCB_petalonio_vert_DO,6,739.6,299.65,73,739.6,299.65,73,1.56
CCB_petalonio_vert_DO,7,832.27,406.67,73,832.27,406.67,73,1.56
CCB_petalonio_vert_DO,8,1005.8,301.34,72,1005.8,301.34,72,1.56
CCB_trombino_oriz_CLUSTER1,1,1319.8,77.09,46,1282.85,236.26,197,5.06
CCB_trombino_oriz_CLUSTER1,2,1563.78,111.08,46,1481.01,265.43,196,5.06
CCB_trombino_oriz_CLUSTER1,3,1676.35,144.69,46,1682.2,196.51,191,5.06
CCB_trombino_oriz_CLUSTER1,4,1550.75,105.59,46,1459.94,311.82,199,5.06
CCB_trombino_oriz_CLUSTER1,5,1296.48,107.8,46,1225.64,318.62,202,5.06
CCB_trombino_oriz_CLUSTER1,6,1175.52,97.47,46,1119.38,295.41,202,5.06
CCB_trombino_oriz_CLUSTER1,7,1245.49,96.67,46,1176.88,301.74,202,5.06
CCB_trombino_oriz_CLUSTER1,8,1457.1,82.67,46,1383.93,303.71,201,5.06
CCB_trombino_oriz_CLUSTER2,1,1415.6,134.97,46,1419.17,373.5,100,2.71
CCB_trombino_oriz_CLUSTER2,2,1746.87,254.62,46,1603.04,441.22,101,2.71
CCB_trombino_oriz_CLUSTER2,3,1790.05,178.79,46,1718.51,363.23,101,2.71
CCB_trombino_oriz_CLUSTER2,4,1758.74,222.88,46,1667.0,499.05,102,2.71
CCB_trombino_oriz_CLUSTER2,5,1504.41,234.78,46,1443.37,570.41,106,2.71
CCB_trombino_oriz_CLUSTER2,6,1426.06,241.83,46,1346.05,550.72,106,2.71
CCB_trombino_oriz_CLUSTER2,7,1429.02,207.77,46,1382.85,557.44,106,2.71
CCB_trombino_oriz_CLUSTER2,8,1619.84,164.04,46,1522.32,511.69,105,2.71
CCB_trombino_oriz_CLUSTER3,1,1421.48,99.28,47,1397.08,233.43,112,2.39
CCB_trombino_oriz_CLUSTER3,2,1779.13,215.51,47,1782.37,460.62,112,2.39
CCB_trombino_oriz_CLUSTER3,3,1812.01,183.09,47,1796.56,328.12,112,2.39
CCB_trombino_oriz_CLUSTER3,4,1758.25,183.06,47,1714.05,316.26,112,2.39
CCB_trombino_oriz_CLUSTER3,5,1494.47,183.4,47,1484.33,386.69,113,2.39
CCB_trombino_oriz_CLUSTER3,6,1386.93,181.18,47,1402.58,378.58,112,2.39
CCB_trombino_oriz_CLUSTER3,7,1408.58,167.54,47,1389.6,343.54,113,2.39
CCB_trombino_oriz_CLUSTER3,8,1614.56,137.44,47,1585.9,308.89,113,2.39
CCB_trombino_oriz_DO,1,1127.4,391.91,72,1127.4,391.91,72,1.69
CCB_trombino_oriz_DO,2,1325.57,500.19,73,1325.57,500.19,73,1.69
CCB_trombino_oriz_DO,3,1695.48,297.24,71,1695.48,297.24,71,1.69
CCB_trombino_oriz_DO,4,1398.63,464.58,73,1398.63,464.58,73,1.69
CCB_trombino_oriz_DO,5,1074.6,332.9,73,1074.6,332.9,73,1.69
CCB_trombino_oriz_DO,6,969.78,331.8,73,969.78,331.8,73,1.69
CCB_trombino_oriz_DO,7,1031.19,349.21,73,1031.19,349.21,73,1.69
CCB_trombino_oriz_DO,8,1245.84,370.03,72,1245.84,370.03,72,1.69
CCB_trombino_vert_CLUSTER1,1,1241.49,176.33,46,1173.58,349.19,178,4.16
CCB_trombino_vert_CLUSTER1,2,1396.23,203.85,46,1324.84,388.82,178,4.16
CCB_trombino_vert_CLUSTER1,3,1604.39,187.91,46,1591.63,188.2,167,4.16
CCB_trombino_vert_CLUSTER1,4,1251.59,179.29,46,1194.91,391.05,181,4.16
CCB_trombino_vert_CLUSTER1,5,1068.61,174.16,46,1002.24,366.4,184,4.16
CCB_trombino_vert_CLUSTER1,6,1020.64,172.19,46,954.04,353.56,184,4.16
CCB_trombino_vert_CLUSTER1,7,1086.3,174.49,46,1031.23,362.16,183,4.16
CCB_trombino_vert_CLUSTER1,8,1299.06,177.19,46,1235.25,367.76,179,4.16
CCB_trombino_vert_CLUSTER2,1,1717.59,87.3,46,1416.13,377.11,174,4.16
CCB_trombino_vert_CLUSTER2,2,1938.01,76.97,46,1595.91,424.86,175,4.16
CCB_trombino_vert_CLUSTER2,3,1964.66,78.37,46,1758.0,225.58,167,4.16
CCB_trombino_vert_CLUSTER2,4,1793.36,92.88,46,1440.89,427.25,178,4.16
CCB_trombino_vert_CLUSTER2,5,1800.57,112.72,46,1335.57,485.57,182,4.16
CCB_trombino_vert_CLUSTER2,6,1674.89,127.84,46,1244.3,456.13,181,4.16
CCB_trombino_vert_CLUSTER2,7,1742.43,107.02,46,1312.58,459.05,181,4.16
CCB_trombino_vert_CLUSTER2,8,1777.02,119.87,46,1444.88,417.77,179,4.16
CCB_trombino_vert_CLUSTER3,1,1294.42,288.01,46,1299.51,341.06,212,4.84
CCB_trombino_vert_CLUSTER3,2,1399.32,281.32,46,1395.74,335.72,211,4.84
CCB_trombino_vert_CLUSTER3,3,1503.94,232.1,46,1584.85,247.1,204,4.84
CCB_trombino_vert_CLUSTER3,4,1302.74,275.11,46,1333.73,366.66,213,4.84
CCB_trombino_vert_CLUSTER3,5,1192.69,306.36,46,1180.25,395.63,217,4.84
CCB_trombino_vert_CLUSTER3,6,1144.74,311.51,46,1111.29,394.83,220,4.84
CCB_trombino_vert_CLUSTER3,7,1191.85,288.62,46,1191.38,368.42,215,4.84
CCB_trombino_vert_CLUSTER3,8,1347.68,289.77,46,1344.61,418.69,219,4.84
CCB_trombino_vert_DO,1,1189.39,413.23,74,1189.39,413.23,74,1.56
CCB_trombino_vert_DO,2,1375.88,383.62,74,1375.88,383.62,74,1.56
CCB_trombino_vert_DO,3,1706.6,253.99,73,1706.6,253.99,73,1.56
CCB_trombino_vert_DO,4,1334.95,376.39,74,1334.95,376.39,74,1.56
CCB_trombino_vert_DO,5,1085.76,335.15,73,1085.76,335.15,73,1.56
CCB_trombino_vert_DO,6,990.58,280.91,72,990.58,280.91,72,1.56
CCB_trombino_vert_DO,7,1054.07,282.37,72,1054.07,282.37,72,1.56
CCB_trombino_vert_DO,8,1319.26,327.53,73,1319.26,327.53,73,1.56
CS_oriz_CLUSTER1,1,1867.25,52.85,47,1784.71,251.12,148,3.24
CS_oriz_CLUSTER1,2,1741.81,36.97,47,1736.27,221.55,148,3.24
CS_oriz_CLUSTER1,3,1840.29,38.51,47,1745.84,234.84,148,3.24
CS_oriz_CLUSTER1,4,1933.1,52.52,47,1866.27,226.33,147,3.24
CS_oriz_CLUSTER1,5,1645.25,32.54,47,1667.76,260.98,149,3.24
CS_oriz_CLUSTER1,6,1829.84,45.99,47,1745.5,234.49,148,3.24
CS_oriz_CLUSTER1,7,1927.44,33.17,47,1852.15,233.64,148,3.24
CS_oriz_CLUSTER1,8,1721.46,44.54,47,1649.28,200.58,148,3.24
CS_oriz_CLUSTER2,1,1733.91,85.02,47,1672.51,198.67,166,3.88
CS_oriz_CLUSTER2,2,1863.43,111.16,47,1760.43,219.6,166,3.88
CS_oriz_CLUSTER2,3,2003.07,59.73,47,1895.76,237.63,167,3.88
CS_oriz_CLUSTER2,4,1853.48,125.49,47,1708.16,200.31,167,3.88
CS_oriz_CLUSTER2,5,1832.24,65.23,47,1683.08,214.5,167,3.88
CS_oriz_CLUSTER2,6,1825.77,84.7,47,1637.92,211.22,166,3.88
CS_oriz_CLUSTER2,7,1843.71,139.59,47,1657.45,235.73,166,3.88
CS_oriz_CLUSTER2,8,1738.26,31.76,47,1718.16,212.86,167,3.88
CS_oriz_CLUSTER3,1,1627.54,65.02,47,1691.88,188.5,199,4.35
CS_oriz_CLUSTER3,2,1921.94,67.71,47,1822.65,191.47,199,4.35
CS_oriz_CLUSTER3,3,1924.82,50.04,47,1874.17,185.29,199,4.35
CS_oriz_CLUSTER3,4,1916.5,98.27,47,1898.4,203.32,201,4.35
CS_oriz_CLUSTER3,5,1706.09,92.51,47,1673.85,164.26,198,4.35
CS_oriz_CLUSTER3,6,1866.83,53.16,47,1772.55,197.19,201,4.35
CS_oriz_CLUSTER3,7,1918.69,70.72,47,1822.56,195.67,200,4.35
CS_oriz_CLUSTER3,8,1705.47,74.55,47,1722.63,177.03,199,4.35
CS_vert_CLUSTER1,1,1773.36,117.03,46,1585.35,271.63,158,3.48
CS_vert_CLUSTER1,2,1961.93,100.0,46,1795.65,296.47,158,3.48
CS_vert_CLUSTER1,3,1749.73,40.94,46,1663.19,237.99,158,3.48
CS_vert_CLUSTER1,4,1843.66,210.5,46,1642.24,280.95,158,3.48
CS_vert_CLUSTER1,5,1718.56,90.66,46,1586.67,246.2,158,3.48
CS_vert_CLUSTER1,6,1753.35,84.48,46,1600.36,256.44,160,3.48
CS_vert_CLUSTER1,7,1776.28,118.05,46,1645.38,281.99,159,3.48
CS_vert_CLUSTER1,8,1804.42,44.48,46,1677.05,288.0,160,3.48
CS_vert_CLUSTER2,1,1861.59,105.41,47,1727.4,256.66,169,4.27
CS_vert_CLUSTER2,2,1919.58,29.9,47,1800.72,208.03,170,4.27
CS_vert_CLUSTER2,3,1822.71,50.28,47,1776.18,218.75,170,4.27
CS_vert_CLUSTER2,4,2014.41,36.62,47,1870.65,241.08,169,4.27
CS_vert_CLUSTER2,5,1899.44,57.88,47,1847.86,231.36,171,4.27
CS_vert_CLUSTER2,6,1761.1,38.97,47,1751.46,211.8,170,4.27
CS_vert_CLUSTER2,7,1884.96,28.0,47,1843.64,244.76,170,4.27
CS_vert_CLUSTER2,8,1832.86,45.46,47,1810.34,232.47,169,4.27
CS_vert_CLUSTER3,1,1735.98,39.18,47,1621.52,213.29,123,2.9
CS_vert_CLUSTER3,2,1796.91,43.37,47,1797.86,207.25,122,2.9
CS_vert_CLUSTER3,3,1858.95,57.25,47,1754.43,192.58,123,2.9
CS_vert_CLUSTER3,4,1835.25,69.14,47,1778.95,199.96,122,2.9
CS_vert_CLUSTER3,5,1750.17,79.61,47,1691.6,203.43,124,2.9
CS_vert_CLUSTER3,6,2029.07,122.41,47,1831.21,271.35,123,2.9
CS_vert_CLUSTER3,7,1837.07,36.46,47,1781.08,260.56,123,2.9
CS_vert_CLUSTER3,8,1864.36,30.82,47,1788.12,210.39,123,2.9
NOISE_1mt,1,8134.32,143.39,46,8116.54,156.68,788,16.79
NOISE_1mt,2,8131.82,142.61,46,8135.43,153.63,788,16.79
NOISE_1mt,3,8106.69,143.22,46,8116.31,158.78,788,16.79
NOISE_1mt,4,8164.02,149.0,46,8182.31,160.34,788,16.79
NOISE_1mt,5,8183.31,156.39,46,8171.85,162.6,788,16.79
NOISE_1mt,6,7651.31,134.58,46,7648.06,149.78,788,16.79
NOISE_1mt,7,8064.1,137.1,46,8049.78,154.14,788,16.79
NOISE_1mt,8,7573.52,133.0,46,7569.59,148.28,788,16.79
NOISE_oriz_1-9mt,1,8990.37,136.95,47,8972.94,150.03,791,17.58
NOISE_oriz_1-9mt,2,8168.9,158.08,47,8117.83,161.28,791,17.58
NOISE_oriz_1-9mt,3,7328.5,167.67,47,7304.81,163.61,791,17.58
NOISE_oriz_1-9mt,4,6775.04,139.62,47,6759.33,366.89,793,17.58
NOISE_oriz_1-9mt,5,6322.25,135.39,47,6301.68,402.48,793,17.58
NOISE_oriz_1-9mt,6,6122.14,161.73,47,6062.87,388.94,793,17.58
NOISE_oriz_1-9mt,7,6012.11,132.11,47,6018.24,156.87,790,17.58
NOISE_oriz_1-9mt,8,5825.51,129.9,47,5701.79,732.76,806,17.58
NOISE_vert_1-9mt,1,6282.41,138.37,47,6301.92,133.3,745,15.87
NOISE_vert_1-9mt,2,5832.34,123.21,47,5831.67,135.8,745,15.87
NOISE_vert_1-9mt,3,5642.64,148.28,47,5625.47,136.86,745,15.87
NOISE_vert_1-9mt,4,5334.66,134.91,47,5353.57,134.98,745,15.87
NOISE_vert_1-9mt,5,5158.57,130.73,47,5143.02,139.28,745,15.87
NOISE_vert_1-9mt,6,5100.24,133.83,47,5095.77,146.72,745,15.87
NOISE_vert_1-9mt,7,5014.71,137.91,47,5037.95,135.27,745,15.87
NOISE_vert_1-9mt,8,5027.89,142.12,47,5007.06,132.12,745,15.87
