frame,time,gated,centroid,spread,rolloff,slope,obsir_std,flatness,crest,skewness,kurtosis,tonality,entropy,tpr,n_peaks,flux,irregularity,zcr
0,0.000000,0,1.798196,1.359771,1.721428,0.469635,-0.271747,5.545971,3.040658,-0.273807,-0.275496,-4.394022,-0.136263,0.109720,-1.304139,-2.663606,1.480009,1.548972
1,0.042700,0,1.428377,1.881039,1.721428,-0.321124,-0.553505,5.002581,2.181325,-0.095890,-0.331320,-4.076122,1.286733,-2.656157,1.163217,-0.394679,0.724737,1.783880
2,0.085300,0,1.437068,2.118682,1.698638,-0.307692,-0.441922,3.324139,2.615772,0.093859,-0.296157,-2.984731,0.763765,-0.221967,-1.114342,-1.454905,1.490191,1.760408
3,0.128000,0,1.476523,1.857455,1.675847,-0.313447,-0.125057,1.761977,2.668764,-0.054461,-0.305742,-1.776180,-0.094023,0.612760,0.783624,-1.263214,1.248282,1.748672
4,0.170700,0,1.200090,1.970826,1.675847,-0.709314,0.054103,1.159854,1.098988,-0.117655,-0.361650,-1.244035,1.034770,-0.316507,0.404030,-1.437479,1.158086,1.736937
5,0.213300,0,1.552553,1.696000,1.630266,-0.281659,0.176458,1.268236,1.173282,-0.157229,-0.312195,-1.343036,-0.670872,0.402220,-0.544952,-1.140532,0.580838,1.725105
6,0.256000,0,1.985763,0.879473,1.630266,1.094991,1.044600,-0.906611,-0.670332,-0.633352,-0.228065,0.998605,-0.854977,0.684594,-0.924545,-0.248297,-0.582957,1.713369
7,0.298700,0,2.109044,0.560244,1.630266,1.174420,1.048998,-0.800351,-0.703084,-0.645925,-0.110321,0.862740,-1.021946,0.333854,-0.544952,-0.341702,-0.578543,1.689898
8,0.341300,0,1.868466,0.968034,1.607476,0.973953,0.984644,0.545393,-0.661967,-0.592253,-0.263001,-0.652944,-1.008340,0.751056,-1.493935,-0.048938,-0.876479,1.678162
9,0.384000,0,1.953211,0.910381,1.584686,1.257207,0.910223,-0.392783,-0.817589,-0.402711,-0.173433,0.365906,-0.803400,0.498407,-0.165359,-0.288029,-0.829005,1.654690
10,0.426700,0,1.350610,1.742576,1.561915,0.600271,0.867114,-0.463656,-0.738431,-0.221908,-0.340641,0.449670,-0.433142,0.723698,-0.355156,0.763833,-0.853140,1.642955
11,0.469300,0,1.747667,1.127847,1.561915,1.087491,1.159940,-0.391648,-0.722138,-0.475304,-0.272004,0.364629,-0.675512,0.451025,1.922403,-0.416288,-0.827021,1.631219
12,0.512000,0,1.772026,1.016453,1.539124,0.769856,1.187602,-0.383554,-0.924500,-0.576464,-0.277956,0.355139,-0.576885,0.013857,-1.114342,-0.181379,-0.856392,1.607747
13,0.554700,0,0.789897,2.209870,1.516334,-0.178576,0.423902,0.077416,-0.626822,0.060757,-0.357672,-0.164323,1.024523,0.343927,1.353013,0.714342,-0.069108,1.596012
14,0.597300,0,0.607322,2.254986,1.516334,-0.612180,0.257851,-0.311447,0.057555,0.109028,-0.365010,0.271102,1.695588,-0.759744,-0.165359,-1.334314,1.029635,1.502029
15,0.640000,0,0.173069,2.564237,1.516334,-1.387180,-0.468814,0.498112,0.842348,0.412923,-0.323610,-0.605223,3.242004,-1.350332,1.732606,-0.972541,2.108739,0.950064
16,0.682700,0,1.162894,1.840643,1.493543,-0.731776,0.096755,1.313149,1.324117,-0.014516,-0.328016,-1.383641,0.330801,-0.070275,-1.304139,-0.771788,1.003628,1.020479
17,0.725300,0,1.509423,1.442175,1.470753,-0.005214,0.306739,0.902422,0.491991,-0.109864,-0.269735,-1.002872,-0.190658,0.435804,1.353013,-1.056188,0.220353,1.537237
18,0.768000,0,1.592827,1.162413,1.447963,0.270851,0.567210,0.188808,0.183220,-0.298293,-0.263417,-0.283946,-0.831124,0.274187,-0.924545,-0.590552,0.221162,1.525501
19,0.810700,0,0.978631,1.870691,1.447963,0.010458,0.485678,-0.675040,-0.429581,-0.099352,-0.360275,0.705979,0.634511,0.305056,1.542810,0.079321,0.664131,1.502029
20,0.853300,0,0.879385,1.874992,1.425172,-0.482804,0.069808,0.728498,1.327304,-0.062994,-0.367535,-0.834706,0.469847,0.377234,0.214234,-0.319397,1.155161,1.490294
21,0.896000,0,1.234604,1.934734,1.425172,-0.970135,-0.250750,1.756202,2.998177,0.093281,-0.313848,-1.771253,1.045928,0.093064,0.024437,-1.114044,3.944564,1.290593
22,0.938700,0,1.183901,2.211032,1.402382,-0.974471,-0.454905,3.558918,3.946742,0.199554,-0.323557,-3.148699,1.066650,0.215374,-0.355156,-0.865891,4.209018,1.267122
23,0.981300,0,1.392200,1.454456,1.379591,-0.478931,-0.046703,2.356153,3.788460,-0.105701,-0.308008,-2.262247,-0.703720,0.381342,-0.734749,-0.634467,2.846828,1.443254
24,1.024000,0,1.279025,1.394753,1.356820,-0.475843,0.229394,0.204305,1.887728,-0.242107,-0.332256,-0.300462,-0.109593,0.298990,0.973420,-0.676988,2.586589,1.431519
25,1.066700,0,1.060595,1.551437,1.356820,-0.461410,0.326813,0.764082,1.327930,-0.189300,-0.356198,-0.869471,-0.003707,0.616171,1.163217,0.128812,1.369763,1.419783
26,1.109300,0,1.328660,1.186160,1.334030,-0.319372,0.253613,0.516718,1.973562,-0.315896,-0.312456,-0.624019,-0.420191,0.486805,-0.734749,-0.315214,1.889389,1.396311
27,1.152000,0,1.454325,1.100705,1.334030,-0.259667,0.262760,0.921127,1.656695,-0.175573,-0.250550,-1.020665,-0.730533,0.627623,1.163217,-0.292211,2.126871,1.384576
28,1.194700,0,0.580704,2.173103,1.311240,-1.092737,-0.465966,1.792774,2.485813,0.187434,-0.355279,-1.802185,2.289459,0.277067,-0.734749,0.143451,2.568040,0.738628
29,1.237300,0,0.919535,1.883889,1.311240,-1.009378,-0.424937,2.657757,2.966397,0.129186,-0.324032,-2.496018,1.098956,-0.014255,0.404030,-1.227664,2.172043,0.715157
30,1.280000,0,1.105661,1.489613,1.288449,-0.546329,-0.122185,2.135293,2.096241,-0.049803,-0.311323,-2.085686,-0.054230,0.518957,0.214234,-1.791585,1.186160,1.349368
31,1.322700,0,0.565582,2.093732,1.288449,-0.999735,-0.478485,1.465407,1.859359,0.190114,-0.346256,-1.519414,2.686360,-0.180759,0.783624,-1.248576,2.712784,0.856082
32,1.365300,0,0.635653,1.871582,1.265659,-0.911955,-0.126845,0.057674,0.937485,0.055975,-0.355597,-0.142880,2.762956,-1.967383,-0.544952,-1.127288,1.544360,0.832611
33,1.408000,0,1.391257,0.945531,1.242868,0.044823,0.418200,-0.392437,0.560347,-0.244415,-0.236728,0.365541,-0.265433,0.183935,-0.165359,-0.090064,0.647462,1.302329
34,1.450700,0,1.593348,0.378646,1.220078,1.101926,0.936221,-0.136091,-0.087543,-0.592624,-0.150059,0.071182,-0.859076,0.808010,0.593827,0.019374,-0.572407,1.278858
35,1.493300,0,1.405881,0.803957,1.197307,0.484768,0.479354,1.543436,0.726580,-0.260369,-0.221977,-1.587940,-0.695408,0.299829,0.024437,0.979224,-0.620638,1.255386
36,1.536000,0,1.085822,1.216096,1.174517,0.299796,0.548885,0.011725,-0.004628,-0.262801,-0.323712,-0.092786,-0.308441,0.497333,0.214234,-0.002235,-0.183228,1.243650
37,1.578700,0,1.432574,0.593401,1.174517,0.761585,0.766028,-0.662257,-0.050195,-0.515455,-0.221626,0.690194,-0.926877,1.040908,-0.355156,0.304471,-0.230291,1.231915
38,1.621300,0,0.743515,1.458741,1.151726,0.376280,0.556153,-0.568238,-0.078162,-0.191650,-0.371584,0.575224,0.631351,0.305073,2.112200,0.748498,-0.091226,1.208443
39,1.664000,0,0.905233,1.284596,1.128936,0.550737,0.643669,-0.603723,-0.337172,-0.263790,-0.354098,0.618383,0.085499,0.453263,1.542810,-0.741814,0.122123,1.196707
40,1.706700,0,1.179357,1.013642,1.128936,0.584175,0.496175,0.451817,0.573497,-0.209170,-0.270418,-0.558049,-0.613916,0.729860,-0.165359,-0.328458,-0.225969,1.184972
41,1.749300,0,0.916555,1.337753,1.106146,0.487126,0.557812,0.297684,-0.107995,-0.132867,-0.324313,-0.398825,0.031930,-0.150388,0.973420,-0.490873,-0.319067,1.173140
42,1.792000,0,0.514606,1.540640,1.083355,0.620682,0.888903,-0.915248,-0.958539,-0.134928,-0.387417,1.009828,1.186255,-0.696010,0.404030,0.199215,-0.279364,1.149668
43,1.834700,0,1.185341,0.766833,1.083355,0.871740,0.965067,-0.094634,-0.515493,-0.489485,-0.292046,0.024738,-0.623138,0.331504,0.973420,0.945765,-0.537360,1.126197
44,1.877300,0,1.177768,0.719237,1.060565,0.941970,0.811187,-0.520857,-0.217781,-0.507870,-0.290162,0.518104,-0.691053,0.733356,0.214234,1.108180,-0.449607,1.114461
45,1.920000,0,1.220376,0.622527,1.037774,1.013243,0.595256,-0.465630,0.100685,-0.480745,-0.255161,0.452042,-0.812253,0.341812,0.783624,0.566565,-0.694267,1.114461
46,1.962700,0,0.880626,1.096552,1.037774,1.008253,0.841632,-1.270895,-0.834865,-0.354562,-0.350690,1.487043,-0.153399,-0.092519,-0.544952,2.103580,-0.521409,1.090990
47,2.005300,0,1.097939,0.748669,1.014984,1.083870,0.495925,-1.454098,-0.444945,-0.501728,-0.300970,1.747094,-0.653936,0.155185,0.973420,1.923739,-0.343453,1.067518
48,2.048000,0,1.281359,0.342192,1.014984,1.494605,0.508095,-1.711777,-0.655616,-0.775405,-0.234307,2.130965,-0.894912,0.484481,-2.063325,1.243409,-0.427733,1.067518
49,2.090700,0,1.290819,0.315534,0.992213,1.393171,0.288244,-1.619287,-0.828681,-0.694897,-0.202433,1.990538,-0.799672,0.929661,-1.304139,2.093124,-0.714444,1.055782
50,2.133300,0,1.160933,0.560545,0.969423,0.830067,0.030852,-1.105114,-0.600175,-0.529058,-0.260537,1.260298,-0.506550,0.108202,-0.165359,1.843577,-0.313340,1.032215
51,2.176000,0,0.762088,1.098975,0.969423,0.397509,0.004905,-0.470269,-0.044481,-0.261028,-0.348297,0.457517,-0.125646,-0.087139,0.404030,0.825174,-0.125226,1.008743
52,2.218700,0,0.422909,1.460205,0.969423,-0.248557,-0.535757,0.054811,0.032161,0.015906,-0.351463,-0.139778,1.479177,-4.187255,0.214234,0.390906,0.021730,0.997007
53,2.261300,0,1.025510,0.651796,0.923842,0.250795,-0.222431,-0.418743,0.033301,-0.414088,-0.284162,0.396474,-0.400124,0.316556,1.732606,0.681580,-0.012671,0.985272
54,2.304000,0,0.807824,0.948584,0.923842,0.376612,-0.429400,-0.744136,-0.048015,-0.303570,-0.333606,0.792024,-0.247984,0.761675,-1.493935,0.021465,0.224738,0.961800
55,2.346700,0,0.522527,1.242397,0.923842,-0.137880,-0.407399,-1.094749,0.248859,-0.153354,-0.365559,1.246337,1.815564,-0.449288,-0.355156,-0.322882,0.835945,0.961800
56,2.389300,0,0.484885,1.535315,0.923842,-0.765193,-1.227742,1.129156,1.292472,0.141347,-0.323129,-1.215748,2.111930,-5.117940,-1.683732,-0.055211,1.195411,0.691685
57,2.432000,0,0.912508,0.898032,0.878261,0.742639,-0.285648,-0.005154,-0.444297,-0.128992,-0.264002,-0.074264,0.241737,-0.020386,-1.114342,-0.000144,-0.510191,0.668214
58,2.474700,0,1.034622,0.491037,0.855471,0.841903,0.093132,0.109397,-0.177000,-0.385892,-0.231889,-0.198905,-0.474215,0.209597,-0.355156,-0.030117,-0.437914,0.914857
59,2.517300,0,1.135085,0.232596,0.855471,1.247734,0.583526,-0.760078,-0.882366,-0.599714,-0.182399,0.811916,-0.667656,0.485322,-0.734749,0.339324,-1.011819,0.891289
60,2.560000,0,0.992386,0.514808,0.832700,1.104926,0.537945,-0.683480,-0.979718,-0.419447,-0.248329,0.716473,0.041095,-0.050625,0.214234,-0.087973,-1.001095,0.879554
61,2.602700,0,0.353261,1.371130,0.809909,-0.390107,-0.622235,0.458480,0.138726,0.092910,-0.330547,-0.564892,1.120703,-0.525638,0.783624,0.749195,0.185802,0.879554
62,2.645300,0,-0.146668,2.298293,0.809909,-1.560052,-1.417374,0.699132,1.422508,0.853346,-0.126581,-0.805872,3.514916,-1.529025,1.353013,-1.203964,2.814898,0.456778
63,2.688000,0,0.186551,1.347026,0.764328,-1.077449,-0.738095,1.303327,0.883465,0.102227,-0.352872,-1.374790,1.243894,0.040001,2.112200,-1.601288,1.221003,0.433307
64,2.730700,0,1.063053,0.219481,0.787119,0.495849,0.253870,0.453446,0.015880,-0.219228,-0.122099,-0.559691,-0.022152,-0.262685,-0.165359,-0.032208,0.065392,0.809139
65,2.773300,0,0.889515,0.454673,0.764328,0.243049,0.143926,0.694690,0.204712,-0.295985,-0.240318,-0.801493,-0.022294,-0.206862,-1.114342,-0.255267,-0.115967,0.797403
66,2.816000,0,0.868931,0.378060,0.741538,0.588754,0.412620,0.048741,-0.492984,-0.544558,-0.287145,-0.133208,0.037993,0.177999,0.404030,-0.439291,-0.472167,0.785668
67,2.858700,0,0.707437,0.678048,0.718748,0.535527,0.282089,0.524615,-0.044794,-0.266840,-0.299182,-0.631958,-0.091290,0.350689,0.973420,0.969465,-0.182747,0.762100
68,2.901300,0,0.894904,0.301179,0.695957,0.792373,0.845561,-0.177302,-0.194992,-0.442779,-0.224007,0.117626,-1.018957,0.255819,-1.304139,-0.067758,-0.383968,0.750364
69,2.944000,0,1.103650,-0.241737,0.695957,1.429321,0.999483,-0.668822,-0.728210,-0.630508,0.030379,0.698315,-0.911734,0.625931,-1.114342,0.089777,-0.788750,0.738628
70,2.986700,0,1.036460,-0.202728,0.673167,1.184520,0.644579,-1.147312,-0.033355,-0.832499,-0.088524,1.317235,-1.214134,0.951489,2.112200,0.967374,-0.104971,0.726893
71,3.029300,0,1.058807,-0.254177,0.673167,1.023292,0.400311,-0.493170,0.015220,-0.547444,0.010514,0.484891,0.038704,0.030690,-1.873528,0.256374,-0.488649,0.703421
72,3.072000,0,0.819867,0.201458,0.673167,0.732853,0.252834,-0.403345,-0.131769,-0.599755,-0.267887,0.378407,0.133176,-0.014667,1.732606,-0.128402,-0.264348,0.691685
73,3.114700,0,0.546314,0.746892,0.650376,0.118435,-0.056110,1.810393,0.515350,-0.074866,-0.286245,-1.817150,0.228872,-0.159381,-0.165359,0.919277,0.177657,0.679950
74,3.157300,0,0.945507,-0.080254,0.627605,0.839643,0.649180,0.100563,-0.161043,-0.388283,-0.059507,-0.189416,-1.053171,0.473408,0.214234,-0.159770,-0.189729,0.656478
75,3.200000,0,0.894432,-0.080583,0.627605,0.784167,0.732660,-0.342392,-0.498932,-0.661837,-0.156652,0.307053,0.060422,-0.124186,1.163217,-0.699294,-0.915376,0.644742
76,3.242700,0,0.561634,0.489965,0.582025,0.627707,0.687105,0.064583,-0.356171,-0.414665,-0.324752,-0.150454,-0.130172,0.272654,0.404030,0.912306,-0.460796,0.633007
77,3.285300,0,0.860911,-0.067158,0.582025,1.217742,0.985913,-1.186104,-0.604827,-0.724743,-0.169465,1.370066,-0.658974,0.239477,-0.734749,0.074442,-0.384851,0.609439
78,3.328000,0,0.847006,-0.041130,0.559234,0.718125,0.650940,0.120601,-0.052935,-0.447190,-0.129055,-0.210950,-0.849170,0.191881,-0.165359,0.635574,-0.350294,0.597703
79,3.370700,0,0.570449,0.402993,0.559234,0.337076,0.310474,0.114530,-0.031521,-0.382511,-0.301069,-0.204380,0.175246,-0.065858,-1.873528,-0.369585,-0.466925,0.585968
80,3.413300,0,0.642456,0.304098,0.536444,0.635117,0.678057,0.167043,-0.342808,-0.337331,-0.248655,-0.260770,-0.116481,0.399650,0.024437,-0.944658,-0.559522,0.562496
81,3.456000,0,0.740709,0.105185,0.536444,0.356747,0.421991,0.369494,0.265531,-0.216095,-0.149735,-0.473464,-0.089298,0.086338,1.163217,-0.503420,-0.408471,0.539025
82,3.498700,0,0.655095,0.185311,0.513653,0.788738,0.863376,-0.834850,-0.724699,-0.428392,-0.228613,0.906538,0.004035,-0.272246,0.783624,0.234765,-0.714777,0.539025
83,3.541300,0,0.886834,-0.543048,0.490863,1.677136,1.145030,-1.432135,-0.684533,-1.037665,0.060939,1.715340,-0.567605,0.550856,0.973420,0.462006,-0.588330,0.527289
84,3.584000,0,0.711012,-0.166251,0.468092,1.169769,1.080295,-0.531419,-0.981786,-0.926528,-0.222202,0.530787,-0.891354,0.692521,0.783624,2.155162,-0.827016,0.503817
85,3.626700,0,0.809736,-0.459151,0.445302,1.204639,1.197292,-1.481243,-0.717878,-0.993927,-0.026826,1.786421,-0.832576,0.188626,-1.683732,0.574233,-0.487179,0.492082
86,3.669300,0,0.757717,-0.403026,0.445302,1.671490,1.503470,-0.369883,-1.416199,-1.251363,-0.157963,0.339080,-0.915747,0.851127,-0.734749,1.170218,-0.828620,0.480250
87,3.712000,0,0.763701,-0.502000,0.422511,1.858209,1.256746,-0.881736,-0.909874,-1.324286,-0.123609,0.966577,-1.048133,0.739408,-1.683732,2.394951,-0.452970,0.456778
88,3.754700,0,0.722484,-0.382208,0.399721,1.286484,1.107967,-1.337424,-0.806977,-0.939060,-0.100187,1.580297,-0.990095,0.252847,0.783624,1.033595,-0.584028,0.445042
89,3.797300,0,0.680645,-0.311676,0.399721,1.289142,1.010952,-0.659148,-0.466012,-0.792719,-0.127520,0.686361,-0.788741,0.626806,-0.355156,0.765227,-0.533627,0.433307
90,3.840000,0,0.720398,-0.438443,0.376930,1.388334,1.005095,-0.789690,-0.651892,-0.725072,-0.004259,0.849235,-0.786037,0.399101,-1.114342,1.076115,-0.452036,0.409835
91,3.882700,0,0.657255,-0.345136,0.354140,1.107646,0.695373,-0.345205,-0.120039,-0.598972,-0.064745,0.310246,-1.258168,0.596818,0.404030,2.026207,-0.446843,0.398099
92,3.925300,0,0.633865,-0.338407,0.354140,0.901233,0.735879,-0.755586,-0.145523,-0.685004,-0.101152,0.806258,-0.720456,0.485365,1.353013,-0.433714,-0.445326,0.374628
93,3.968000,0,0.557686,-0.215147,0.331350,0.952196,0.406058,0.370580,0.079685,-0.674740,-0.201339,-0.474650,-1.067887,0.625063,1.163217,1.126304,-0.122079,0.362892
94,4.010700,0,0.515724,-0.113342,0.331350,0.605875,0.638939,-0.634372,0.060541,-0.502758,-0.191732,0.655885,-0.637114,0.578805,0.024437,-0.845676,-0.037318,0.362892
95,4.053300,0,-0.001362,0.710144,0.331350,-0.676650,-0.271743,0.144143,0.373528,0.010011,-0.315934,-0.236225,1.604504,-0.352668,1.922403,0.834236,0.827431,0.351060
96,4.096000,0,0.283811,0.554934,0.331350,-0.778825,-0.584132,0.025051,0.585585,0.027036,-0.295119,-0.107294,2.564819,-2.659135,0.404030,-1.064553,1.172746,0.339324
97,4.138700,0,0.331559,0.254382,0.308559,-0.300660,0.090559,-0.717337,-0.396393,-0.226319,-0.282753,0.758537,1.791597,-2.762009,0.024437,-0.528514,0.730578,0.315853
98,4.181300,0,0.348021,0.048692,0.262998,0.394057,0.585333,-0.179572,-0.679445,-0.482518,-0.280748,0.120181,-0.229938,0.292808,-0.355156,0.243827,-0.479709,0.292381
99,4.224000,0,0.500031,-0.343978,0.240207,1.096490,0.725604,-0.831296,-0.809884,-0.637721,-0.116475,0.902067,-0.720001,0.094970,0.783624,0.017980,-0.709972,0.280646
100,4.266700,0,0.081744,0.344036,0.240207,0.226685,0.373132,-0.503189,-0.540899,-0.309424,-0.349962,0.496844,0.158651,0.758520,0.593827,1.228074,0.048714,0.257174
101,4.309300,0,-0.028551,0.527683,0.217417,-0.104918,0.078698,0.428868,-0.276185,-0.057511,-0.329405,-0.534599,0.297555,0.748926,-0.924545,-0.574520,-0.168921,0.245438
102,4.352000,0,-0.199432,0.897793,0.217417,-0.760457,-0.389310,0.832388,1.156129,0.305249,-0.273651,-0.935624,1.434403,-0.816373,-0.165359,-0.449747,1.096604,0.245438
103,4.394700,0,0.060315,0.482680,0.217417,-0.349939,0.082821,0.178444,0.112169,0.088747,-0.248919,-0.272906,1.279873,-0.343431,0.024437,-0.271997,0.412046,0.221967
104,4.437300,0,0.157252,0.114917,0.194627,0.050831,0.425490,-0.367612,-0.228404,-0.350605,-0.298648,0.336434,0.239745,0.024823,-0.355156,-0.490873,-0.292701,0.198399
105,4.480000,0,0.016068,0.332238,0.171836,0.054461,0.381214,-0.921121,-0.684354,-0.183777,-0.322024,1.017401,1.261770,-0.101798,1.353013,-0.710447,0.132212,0.198399
106,4.522700,0,0.031587,0.307641,0.171836,-0.232555,-0.001430,0.973542,0.067138,-0.132537,-0.311565,-1.070394,0.903153,0.034851,0.783624,-0.214141,0.186074,0.186663
107,4.565300,0,0.230823,0.066921,0.126255,0.387730,0.489363,0.545985,0.080289,-0.034715,-0.191664,-0.653492,-0.138825,0.391861,-1.114342,0.339324,0.012172,0.163192
108,4.608000,0,0.293271,-0.297082,0.103484,0.739854,0.877948,-0.857404,-0.463329,-0.469821,-0.155112,0.935371,-0.702382,0.154191,0.593827,0.568656,-0.267458,0.139720
109,4.650700,0,0.287088,-0.361388,0.103484,0.796942,0.907609,-0.427282,-0.536314,-0.632363,-0.169016,0.406511,-0.880167,0.726873,1.163217,1.559177,0.053116,0.116249
110,4.693300,0,0.220395,-0.268916,0.080694,0.628126,0.892344,-0.799956,-0.760974,-0.584998,-0.218935,0.862283,-0.426310,0.394950,0.593827,1.140245,0.236348,0.104513
111,4.736000,0,0.322148,-0.502065,0.080694,1.095677,1.043762,-1.648998,-0.726723,-0.579845,-0.052500,2.035339,-0.064335,-0.326708,-1.683732,1.295689,-0.181065,0.092777
112,4.778700,0,0.156656,-0.290857,0.057904,0.614691,0.766350,-0.480979,-0.123963,-0.705986,-0.271503,0.470291,-0.556590,1.012263,-0.924545,1.323571,-0.472466,0.069210
113,4.821300,0,-0.295524,0.395155,0.035113,0.267223,0.388856,0.512276,-0.217781,-0.040857,-0.342553,-0.619548,0.351665,0.585685,0.404030,2.378918,-0.260551,0.057474
114,4.864000,0,0.246814,-0.459977,0.035113,0.871606,0.905046,-0.913570,-0.368818,-0.450653,-0.076349,1.007638,-0.517338,0.413866,0.404030,1.050324,-0.260979,0.045738
115,4.906700,0,0.207309,-0.388640,0.012323,0.574323,0.695226,0.412186,0.334066,-0.298170,-0.100418,-0.517536,-0.982438,0.822142,-0.544952,0.815415,-0.536672,0.034003
116,4.949300,0,-0.004069,0.028384,0.012323,-0.076158,0.187691,0.269256,0.430713,-0.142842,-0.259626,-0.368987,0.985271,-2.809980,0.973420,0.665548,0.430584,0.010531
117,4.992000,0,0.041072,-0.124313,-0.010468,0.098443,0.210285,0.548108,0.709471,-0.269726,-0.249555,-0.655682,0.163092,-0.353135,-0.355156,-0.571732,0.428209,-0.012940
118,5.034700,0,0.203163,-0.486916,-0.033258,0.279771,0.468795,0.259237,0.784906,-0.151540,-0.018714,-0.358494,-0.215393,0.266907,-0.544952,-0.698597,0.112875,-0.012940
119,5.077300,0,0.046808,-0.165489,-0.056048,0.279871,0.379171,0.325026,1.012786,-0.150922,-0.194408,-0.427385,-0.251998,0.039454,-0.165359,0.299592,0.806649,-0.036412
120,5.120000,0,0.061656,-0.379124,-0.056048,-0.017059,0.432133,0.177457,0.299458,-0.438451,-0.190345,-0.271902,-0.472422,0.027048,0.593827,-0.155588,0.519019,-0.048148
121,5.162700,0,0.161572,-0.658345,-0.078839,1.178951,0.641332,-1.054624,-0.472118,-0.598477,-0.005167,1.192776,-0.777897,0.687483,-1.114342,1.018259,-0.267974,-0.059883
122,5.205300,0,0.096319,-0.519068,-0.101610,0.873852,0.691332,-0.520364,-0.543158,-0.491587,-0.103092,0.517466,-0.995987,0.592806,-0.544952,2.022024,-0.180232,-0.083451
123,5.248000,0,0.126835,-0.626027,-0.124400,0.608494,0.440694,-0.141520,-0.012266,-0.286710,0.020796,0.077296,-1.349680,0.237781,-0.355156,1.571724,0.398290,-0.083451
124,5.290700,0,0.109653,-0.509599,-0.124400,0.729302,0.409023,-0.653176,-0.397254,-0.033973,0.013688,0.679062,-0.458361,0.314095,-1.114342,-0.186258,-0.262582,-0.106923
125,5.333300,0,-0.087721,0.027682,-0.124400,-0.721557,-0.408405,1.213404,1.018645,0.231790,-0.190205,-1.293216,0.880354,-4.709059,1.353013,1.895160,1.278579,-0.130394
126,5.376000,0,0.096145,-0.663090,-0.147191,0.914560,0.132625,-0.451564,-0.506905,-0.128538,0.082123,0.435344,-0.024172,-0.052195,-1.114342,0.750589,-0.298993,-0.142130
127,5.418700,0,0.029352,-0.496970,-0.169981,0.673225,0.018835,0.277449,-0.117332,-0.004911,-0.038450,-0.377565,-0.877264,0.614843,-0.544952,0.841206,-0.449230,-0.153866
128,5.461300,0,-0.203132,-0.067965,-0.192771,0.423632,-0.079102,0.197939,-0.343703,-0.032407,-0.246513,-0.293710,-0.490240,0.390521,1.542810,0.669033,-0.197976,-0.165601
129,5.504000,0,-0.285965,-0.052447,-0.192771,0.066469,0.174394,-0.764273,-0.729574,-0.195690,-0.308863,0.817208,0.375461,0.120184,0.024437,-1.121711,-0.275393,-0.165601
130,5.546700,0,-0.363136,0.393861,-0.169981,-0.919093,-0.539639,0.099970,0.665794,0.359374,-0.255541,-0.188686,2.485006,-2.309920,0.783624,0.700401,1.223489,-0.189073
131,5.589300,0,-0.060979,-0.308891,-0.215562,-0.095662,-0.350579,0.166155,-0.392624,0.259327,-0.085940,-0.259766,0.643335,-0.076262,-0.165359,-0.311032,0.189036,-0.224376
132,5.632000,0,-0.155507,-0.364353,-0.238352,0.481828,0.391713,-0.468690,-0.982569,-0.213045,-0.184719,0.455692,0.483510,0.052017,-0.734749,0.684368,-0.795306,-0.236112
133,5.674700,0,-0.091148,-0.649028,-0.261123,0.924063,0.662206,-0.102629,-0.640196,-0.495503,-0.092140,0.033680,-1.128316,0.923474,-1.304139,1.729957,-0.527647,-0.247848
134,5.717300,0,-0.098671,-0.604702,-0.261123,0.791635,0.573378,-0.553727,-0.717419,-0.252577,-0.062982,0.557705,-0.290879,-0.168713,-1.114342,0.227795,-0.633713,-0.259584
135,5.760000,0,-0.068950,-0.670315,-0.283914,0.865601,0.428552,-0.422396,-0.553479,0.042536,0.072690,0.400762,-0.122060,0.178871,-1.683732,-0.192532,-0.703776,-0.283055
136,5.802700,0,-0.152975,-0.652364,-0.306704,0.871598,0.558559,-0.163976,-0.872034,-0.492535,-0.118506,0.102571,-0.204178,0.071873,-0.355156,-0.269208,-0.840193,-0.294791
137,5.845300,0,-0.176985,-0.670501,-0.306704,0.721800,0.549925,0.919449,-0.405942,-0.448756,-0.113011,-1.019023,-0.831722,0.068025,0.973420,1.321480,-1.030912,-0.306527
138,5.888000,0,-0.180313,-0.678962,-0.329494,0.621070,0.867306,-0.656088,-0.771664,-0.509560,-0.118815,0.682620,-0.718863,0.908505,1.163217,1.168127,-0.619241,-0.329998
139,5.930700,0,-0.342751,-0.381141,-0.352285,0.665264,0.164062,0.228292,-0.445348,-0.297675,-0.262489,-0.325828,-0.665208,0.278376,-0.544952,1.839395,-0.959665,-0.341830
140,5.973300,0,-0.235013,-0.549708,-0.375075,0.597142,0.191535,-0.313767,-0.294244,-0.077340,-0.072368,0.273748,-0.740979,0.232346,-0.734749,-0.412105,-0.544504,-0.353566
141,6.016000,0,-0.265107,-0.599400,-0.375075,0.364296,0.231224,-0.382172,-0.403538,-0.264573,-0.144129,0.353497,-0.704033,0.744086,0.214234,0.144148,-0.186764,-0.377037
142,6.058700,0,-0.376296,-0.488410,-0.397866,0.522759,0.468550,-0.286079,-0.436279,-0.430083,-0.269507,0.241812,-0.696063,1.022562,1.542810,0.635574,-0.643509,-0.388773
143,6.101300,0,-0.275635,-0.709224,-0.420656,0.549719,0.509885,-0.768567,-0.551488,-0.367877,-0.101213,0.822683,-0.961489,0.297081,1.353013,0.020768,-0.598067,-0.400509
144,6.144000,0,-0.443660,-0.458416,-0.420656,0.553090,0.407132,-0.199265,-0.458185,-0.388695,-0.278606,0.142537,-0.795260,0.570820,0.024437,1.234348,-0.877744,-0.423980
145,6.186700,0,-0.406639,-0.602729,-0.443446,1.079889,0.846249,-1.153037,-1.075034,-0.675646,-0.281547,1.324991,-0.451302,0.618034,0.593827,-0.165347,-0.440613,-0.435716
146,6.229300,0,-0.327232,-0.821828,-0.443446,0.672677,0.798408,-0.798623,-0.756299,-0.779115,-0.157558,0.860550,-0.809349,0.228492,-1.114342,1.244107,-1.052584,-0.459188
147,6.272000,0,-0.511173,-0.472285,-0.466217,0.337392,0.342377,-0.237761,-0.556453,-0.349575,-0.284153,0.186426,-0.390759,-0.011286,-0.734749,1.674192,-0.550283,-0.459188
148,6.314700,0,-0.447012,-0.665180,-0.489008,0.803360,0.782145,-0.696559,-0.807066,-0.641308,-0.256579,0.732623,-0.957219,1.325212,-0.544952,0.265436,-0.798275,-0.470923
149,6.357300,0,-0.345433,-0.958949,-0.489008,1.297906,1.002644,-0.719459,-1.236950,-1.100406,-0.118137,0.761183,-1.091284,0.384086,0.214234,0.896971,-0.746851,-0.494491
150,6.400000,0,-0.321645,-1.041843,-0.511798,1.698733,0.740558,-1.001667,-0.697795,-0.781713,0.104681,1.122699,-0.988786,0.843401,1.353013,0.830751,-1.027512,-0.506227
151,6.442700,0,-0.427546,-0.774329,-0.534588,0.946770,0.450907,-0.531617,-0.855429,-0.506798,-0.146449,0.530970,-0.934050,0.668496,0.214234,0.604904,-0.945738,-0.517962
152,6.485300,0,-0.509311,-0.682899,-0.534588,0.170989,0.015954,0.064731,-0.643662,-0.575475,-0.265756,-0.150545,-0.141358,0.198242,-1.304139,-0.745997,-0.810118,-0.529698
153,6.528000,0,-0.473779,-0.807267,-0.557379,0.496448,0.013317,-0.043749,-0.924187,-0.726021,-0.220254,-0.031743,-0.146396,0.211869,2.491793,0.351174,-0.533495,-0.541434
154,6.570700,0,-0.468838,-0.838755,-0.557379,0.595445,0.015490,-0.546028,-0.975513,-0.631950,-0.165636,0.548398,-0.007920,0.028730,-1.114342,-0.352855,-0.963233,-0.482755
155,6.613300,0,-0.539902,-0.583027,-0.557379,-0.492586,-0.586852,0.754606,-0.515091,0.060015,-0.153908,-0.860255,0.819583,-3.354603,-0.165359,1.368183,0.150929,-0.494491
156,6.656000,0,-0.516586,-0.751978,-0.602960,0.506267,-0.480831,1.152747,-0.436738,-0.137360,-0.114015,-1.237556,-0.684193,0.169984,1.353013,-0.611464,-0.698739,-0.600113
157,6.698700,0,-0.815317,-0.414899,-0.625731,0.101874,-0.368552,-0.248422,-0.939462,-0.246641,-0.353274,0.198561,0.309396,-0.349095,-0.165359,-0.476235,-0.806318,-0.623680
158,6.741300,0,-0.820332,-0.430884,-0.625731,-0.072057,-0.625486,0.967422,-0.670645,-0.169555,-0.333671,-1.064554,0.386135,-0.391534,-0.734749,-0.010599,-0.854140,-0.623680
159,6.784000,0,-0.795279,-0.539018,-0.648521,0.014260,-0.384919,-0.929018,-0.809157,-0.429341,-0.367192,1.027621,0.877422,-0.393922,-0.544952,-0.751573,-0.873967,-0.647152
160,6.826700,0,-0.546953,-0.995327,-0.648521,0.540683,-0.192831,-0.602539,-0.672333,-0.599096,-0.058737,0.617015,-0.474500,0.119843,0.973420,0.251495,-0.747594,-0.670623
161,6.869300,0,-0.563664,-1.020716,-0.671311,1.007948,0.391908,-1.052699,-1.028561,-0.893591,-0.113228,1.190221,-0.660141,0.536734,-3.202104,1.040565,-0.970518,-0.670623
162,6.912000,0,-0.581691,-1.021964,-0.694102,1.007497,0.233748,-1.053637,-1.074318,-0.879905,-0.121011,1.191407,-0.356375,0.058718,-0.544952,1.216921,-0.816622,-0.694095
163,6.954700,0,-0.869496,-0.565181,-0.716892,0.123004,0.222762,-0.970623,-1.068515,-0.360870,-0.357764,1.081912,0.069018,-0.277855,0.973420,1.985777,-0.677418,-0.717566
164,6.997300,0,-0.729206,-0.726169,-0.716892,0.102817,-0.016599,-0.034668,-0.421966,-0.246641,-0.233643,-0.041780,-0.309324,0.351999,-1.304139,0.063289,-0.783700,-0.729302
165,7.040000,0,-0.749021,-0.672496,-0.716892,-0.644793,-0.239187,1.421580,-0.020965,0.067888,-0.170773,-1.480635,0.086552,-0.136468,-0.544952,-0.251782,-0.576445,-0.741038
166,7.082700,0,-0.731118,-0.707841,-0.739683,-0.604209,-0.285767,0.145475,-0.044224,0.140358,-0.090638,-0.237685,-0.218154,-0.012418,-0.544952,-1.444450,-0.518492,-0.752870
167,7.125300,0,-0.884915,-0.437566,-0.762473,-1.346238,-0.573558,0.635958,0.587162,0.434977,-0.094572,-0.743460,-0.159575,-0.195177,-1.873528,-0.461597,0.345878,-0.776341
168,7.168000,0,-0.760740,-0.802151,-0.762473,-0.174737,0.156685,-0.151194,-0.492883,-0.163990,-0.179321,0.088154,0.407255,-0.288769,0.024437,-1.116135,-0.366579,-0.788077
169,7.210700,0,-0.862891,-0.747871,-0.785263,-0.469181,0.246786,-0.220142,-0.683202,-0.375009,-0.300456,0.166260,0.190872,-0.291786,1.163217,-0.840797,-0.680352,-0.799813
170,7.253300,0,-0.732335,-1.102997,-0.808054,0.292490,0.300561,0.387262,-0.324291,-0.872196,-0.157650,-0.491804,-1.068769,0.958324,0.024437,-0.566852,-0.844113,-0.799813
171,7.296000,0,-0.740976,-1.022700,-0.808054,0.278673,0.311257,0.090988,-0.327779,-0.376246,-0.084630,-0.179014,-0.612379,0.545200,0.024437,-1.763703,-0.662813,-0.776341
172,7.338700,0,-0.558276,1.869257,-0.762473,-1.516206,-1.167613,3.102637,3.529997,1.779704,0.357268,-2.826237,2.366141,-2.079199,2.112200,0.032618,3.244277,-0.741038
173,7.381300,0,-0.685158,0.976250,-0.785263,-1.332156,-0.892598,1.386933,2.607654,1.629200,0.275702,-1.449794,3.161280,-2.204882,0.973420,-2.024403,2.506945,-0.741038
174,7.424000,0,-0.942521,-0.509332,-0.853615,-1.521872,-0.398684,0.417368,0.557339,0.549865,-0.076867,-0.522828,0.646238,0.214301,0.593827,-0.741117,0.709920,-0.940738
175,7.466700,0,-1.052816,0.955612,-0.853615,-1.712248,-1.054266,0.908591,1.899324,1.704967,0.388948,-1.008712,2.714539,-1.442636,-0.734749,-0.779455,2.431191,-0.964210
176,7.509300,0,-0.978947,0.382399,-0.876406,-1.640905,-0.647595,0.460405,1.561323,1.337878,0.103470,-0.566808,2.531402,-0.498451,-1.114342,-1.755338,1.780419,-0.940738
177,7.552000,0,-1.043927,-0.719065,-0.921986,-0.580842,0.081768,-0.159337,-0.181361,-0.117861,-0.294773,0.097370,0.421345,0.259944,-0.165359,-0.897258,-0.228309,-0.999417
178,7.594700,0,-0.902272,-1.106790,-0.921986,0.195125,0.770811,0.024261,-0.673876,-0.854636,-0.238932,-0.106473,-0.419707,0.367130,-0.924545,0.077927,-1.007560,-0.940738
179,7.637300,0,-0.907362,-1.125097,-0.944777,0.821124,1.001252,-0.602440,-0.557146,-0.744777,-0.166249,0.616832,-1.065553,0.764336,0.783624,0.974345,-0.815732,-0.952474
180,7.680000,0,-0.905996,-1.199035,-0.967567,0.555607,1.301735,-0.406503,-1.232992,-1.028266,-0.165858,0.382057,-0.959639,0.701415,-0.165359,0.336536,-0.729079,-0.964210
181,7.722700,0,-0.922682,-1.195535,-0.967567,0.406659,1.290318,-0.876554,-1.202744,-0.885429,-0.143522,0.959916,-0.704004,0.342529,0.783624,0.351871,-0.757716,-0.987681
182,7.765300,0,-0.983640,-1.122078,-0.990338,-0.061939,1.141503,-1.158466,-0.874628,-0.739212,-0.223012,1.332382,-1.166486,0.706049,-0.165359,1.699983,-0.509701,-1.011153
183,7.808000,0,-0.967649,-1.209309,-1.013129,0.936002,1.288679,-0.663590,-1.386310,-1.098880,-0.215167,0.691836,-0.701158,0.327374,1.353013,0.344203,-0.661778,-1.022888
184,7.850700,0,-0.945550,-1.322533,-1.013129,0.655497,1.314525,-1.275386,-0.930304,-1.051350,-0.022215,1.493248,-0.958870,0.269485,-0.734749,1.805936,-0.773173,-1.022888
185,7.893300,0,-0.970604,-1.275111,-1.035919,0.729899,1.254482,-1.527389,-1.054962,-0.787401,-0.007920,1.853943,-0.757403,0.608875,-0.544952,0.778471,-0.770403,-1.046456
186,7.936000,0,-1.015522,-1.231052,-1.058709,0.429549,1.077102,-0.968797,-0.894141,-0.833365,-0.136144,1.079540,-0.998236,0.668386,0.214234,1.759233,-0.741888,-1.069927
187,7.978700,0,-1.062401,-1.168001,-1.058709,0.651144,1.203877,-0.661567,-1.028718,-0.768975,-0.223836,0.689373,-0.874959,0.349252,0.024437,0.179001,-0.933408,-1.081663
188,8.021300,0,-1.079360,-1.157359,-1.081500,0.447096,1.138407,-0.480634,-0.940055,-0.578361,-0.183690,0.469926,-1.046311,0.722146,-1.873528,1.100512,-1.021290,-1.093399
189,8.064000,0,-1.031363,-1.299598,-1.081500,0.632644,1.106828,-1.502515,-0.877279,-0.537633,0.060383,1.817536,-0.678671,0.326575,1.542810,-0.515967,-1.059598,-1.105135
190,8.106700,0,-1.052543,-1.197044,-1.127081,-0.268618,0.411460,0.055897,-0.344083,0.419518,0.196468,-0.140964,-1.411589,0.607002,-0.355156,2.788092,-0.595599,-1.128606
191,8.149300,0,-1.148015,-0.958299,-1.104290,-1.206953,-0.000324,-0.292100,-0.538484,0.569528,0.167580,0.248747,1.154319,-3.049703,1.163217,-0.156285,-0.268274,-1.140342
192,8.192000,0,-1.132719,-1.133423,-1.127081,-0.425244,0.411015,-0.572827,-0.711560,0.653334,0.800445,0.580790,0.273645,-0.297149,-0.355156,-0.742511,-0.981744,-1.152078
193,8.234700,0,-1.130932,-1.281564,-1.149871,0.855267,0.742621,-0.517008,-1.087301,-0.726969,-0.125192,0.513451,-0.553800,0.741372,0.024437,-0.108885,-1.253046,-1.175645
194,8.277300,0,-1.225658,-1.124138,-1.172661,-0.722242,0.341882,-0.372104,-0.615305,-0.450735,-0.287420,0.341726,-0.244369,0.181009,2.491793,0.583295,-0.372464,-1.187381
195,8.320000,0,-1.295108,-0.959097,-1.172661,-1.321037,-0.182781,0.171287,-0.369746,0.081698,-0.237318,-0.265332,0.414570,-0.031163,0.404030,-0.482508,-0.509750,-1.199117
196,8.362700,0,-1.170933,-0.917772,-1.195432,-1.037633,-0.235630,0.419885,0.441146,1.406267,0.480248,-0.525383,-0.462801,0.379624,-2.063325,-0.771788,-0.235381,-1.222588
197,8.405300,0,-1.165421,-1.010800,-1.195432,-1.157926,-0.323092,0.228144,0.620540,1.582453,0.663533,-0.325646,-0.194130,0.057738,-0.355156,-1.321070,0.517426,-1.234324
198,8.448000,0,-1.240209,-0.486184,-1.218223,-1.791574,-0.429538,-0.017592,0.965675,1.759546,0.481715,-0.060577,0.939843,-2.834393,0.973420,-1.210935,1.195456,-1.246060
199,8.490700,0,-1.319317,-0.699912,-1.218223,-1.485403,-0.342607,-0.436313,0.238482,1.531543,0.525235,0.417278,0.939188,-0.061037,0.024437,-1.339194,0.670916,-1.269531
200,8.533300,0,-1.270477,-0.928568,-1.263804,-1.176643,0.113044,-0.188407,-0.020361,1.743428,0.942303,0.130218,-0.515346,0.413852,-0.544952,-1.288308,-0.188452,-1.281267
201,8.576000,0,-1.194174,-0.147722,-1.241013,-1.625629,-0.917752,1.479719,2.117006,1.880205,0.402492,-1.532098,0.449495,-0.215130,-0.924545,-1.000423,1.526349,-1.281267
202,8.618700,0,-1.225385,0.495053,-1.241013,-2.042086,-1.208268,1.044266,1.703391,1.894056,0.403749,-1.136821,2.689576,-5.063540,-1.114342,-1.804829,1.687182,-0.975945
203,8.661300,0,-1.386756,-0.252488,-1.286594,-2.095918,-0.918616,-0.318209,0.805246,1.861242,0.516806,0.278949,2.375562,-0.166162,-0.734749,-1.477211,1.742900,-0.999417
204,8.704000,0,-1.368431,-1.249152,-1.332175,-0.944674,-0.433910,0.887912,-0.771966,-0.094983,-0.118295,-0.989003,-0.650777,0.042815,-0.544952,-0.603797,-1.202621,-1.328306
205,8.746700,0,-1.352168,-1.415444,-1.332175,-0.052670,-0.300645,0.169017,-0.907593,-0.917912,-0.203130,-0.262869,-0.905130,0.932874,0.783624,-0.431623,-1.239115,-1.351778
206,8.789300,0,-1.363043,-1.398532,-1.354946,0.240181,-0.997704,-0.496526,-0.996714,-0.554039,-0.044031,0.488906,-0.922237,0.534206,-0.734749,0.025648,-1.233041,-1.375249
207,8.832000,0,-1.406247,-1.367987,-1.354946,-0.352542,-1.200257,-0.325266,-1.160409,-0.811269,-0.268253,0.287161,-0.596098,0.428643,0.973420,-0.503420,-1.087276,-1.386985
208,8.874700,0,-1.459061,-1.245558,-1.377736,-1.489569,-2.539061,0.174594,-0.296648,-0.004252,-0.158266,-0.268800,-0.885405,-0.056355,0.404030,0.966677,-0.608203,-1.398721
209,8.917300,0,-1.430854,-1.321779,-1.377736,-0.707660,-2.404901,-0.141224,-0.794006,-0.267830,-0.182627,0.076931,0.401961,-0.303720,-0.165359,-0.946053,-0.606451,-1.410457
210,8.960000,0,-1.473438,-1.199675,-1.400527,-1.773188,-2.961466,0.195619,-0.439489,0.413829,-0.101666,-0.291155,-0.101737,-0.072812,-0.355156,-0.578702,-0.298145,-1.433928
211,9.002700,0,-1.520640,-1.274184,-1.423317,-1.716928,-2.964631,0.616957,-0.751335,-0.080967,-0.230682,-0.724572,-0.334543,0.450790,-1.304139,-0.663744,-0.931905,-1.457496
212,9.045300,0,-1.491911,-1.272496,-1.446107,-1.281185,-2.551227,-0.561032,-0.582999,0.724484,0.353284,0.566464,-0.398530,0.218819,0.404030,-0.936991,-0.784582,-1.469232
213,9.088000,0,-1.492681,-0.833566,-1.446107,-1.367549,-2.523086,-0.672967,0.421141,2.543644,1.328199,0.703424,-0.602189,0.819622,-0.165359,-0.966964,0.798855,-1.469232
214,9.130700,0,-1.354377,-0.543689,-1.446107,-1.367287,-2.467003,0.824788,1.762947,2.174535,0.518695,-0.928324,-0.346896,-0.085650,0.024437,-1.308523,0.781873,-1.469232
215,9.173300,0,-1.455312,-0.840438,-1.468898,-1.676712,-2.202157,-0.280749,0.760316,2.561699,1.089767,0.235698,0.159448,-0.213253,0.214234,-0.359129,1.100166,-1.492703
216,9.216000,0,-1.502265,-1.074004,-1.491688,-1.454637,-2.230620,-0.599380,0.379219,2.643856,1.681803,0.613091,-0.376641,0.237501,0.214234,-0.880529,0.394282,-1.527910
217,9.258700,0,-1.530001,-1.176028,-1.514479,-1.350599,-2.174971,-0.163335,0.476660,2.279200,1.570767,0.101841,-0.660056,0.872237,0.783624,-0.644923,0.182622,-1.551382
218,9.301300,0,-1.647198,-1.200831,-1.537269,-1.705579,-2.193973,-0.569126,-0.021290,0.675635,-0.032838,0.576319,-0.218922,0.884836,0.214234,-0.150708,-0.087630,-1.551382
219,9.344000,0,-1.577525,-1.456536,-1.537269,-1.198058,-1.829834,-0.676965,-0.407966,0.281958,0.091452,0.708352,-0.622882,1.007629,1.353013,-1.148200,-0.771067,-1.551382
220,9.386700,0,-1.591976,-1.165216,-1.537269,-2.006607,-2.491873,0.694443,0.233875,1.217879,0.160320,-0.801310,0.341276,0.048468,-0.544952,-0.029420,0.315055,-1.422192
221,9.429300,0,-1.629942,-1.280394,-1.560040,-2.141771,-2.247232,0.144044,-0.135783,1.123561,0.275688,-0.236134,0.297982,-0.198575,0.214234,-1.383108,-0.373398,-1.445760
222,9.472000,0,-1.615366,-1.521313,-1.582830,-1.397390,-1.932825,-0.373239,-0.435273,0.214806,0.049647,0.343004,-0.680209,0.633544,0.214234,-0.918170,-0.793891,-1.610157
223,9.514700,0,-1.660011,-1.171854,-1.582830,-2.166786,-2.346381,1.281661,0.403775,1.403587,0.373736,-1.355263,-0.288175,-0.199935,-0.355156,-0.244114,-0.650343,-1.633628
224,9.557300,0,-1.653977,-1.347283,-1.605621,-2.215573,-2.319012,0.961351,-0.314618,1.181356,0.431304,-1.058806,0.268550,0.315253,-0.734749,-1.459088,-0.723442,-1.563118
225,9.600000,0,-1.626043,-0.300999,-1.605621,-2.356299,-2.531722,-0.552000,0.451355,3.267062,2.253383,0.555606,2.396711,-2.295768,-1.304139,-0.952326,1.390485,-1.527910
226,9.642700,0,-1.729907,-1.162937,-1.628411,-2.533157,-2.518856,0.394270,-0.405752,3.061649,3.744286,-0.499104,1.194652,-0.471446,-0.924545,-1.572011,-0.501848,-1.621892
227,9.685300,0,-1.699764,-1.218121,-1.651202,-2.013898,-2.103308,-0.514540,-0.435821,7.001924,13.222756,0.510531,-0.033509,0.124025,-0.924545,-1.318282,-0.775538,-1.680571
228,9.728000,0,-1.755085,-1.094944,-1.673992,-2.008199,-2.094168,-0.279416,-0.250981,3.513656,2.707402,0.234147,0.101837,0.706529,1.163217,-1.165626,-0.184876,-1.692307
229,9.770700,0,-1.564638,0.335101,-1.628411,-1.973679,-2.501648,0.674504,2.099428,2.429704,0.772277,-0.781601,1.609627,-2.215661,-0.544952,-0.994150,2.468854,-1.657100
230,9.813300,0,-1.694227,-0.379028,-1.673992,-1.909102,-2.250775,-1.123177,0.851775,2.479089,0.772572,1.284660,1.852339,-0.656928,-1.683732,-1.429114,1.388385,-1.598421
231,9.856000,0,-1.738101,-0.820032,-1.719553,-2.340468,-2.376121,0.767142,0.679995,3.320280,2.274688,-0.872391,-0.012901,0.663162,0.404030,-1.036670,0.094581,-1.657100
232,9.898700,0,-1.772143,-0.546377,-1.719553,-2.194968,-2.560535,-0.879861,0.556288,2.758249,1.170556,0.964205,2.156163,-0.157000,-1.304139,-1.714908,1.217949,-1.704043
